Location,Year,GPE Funding Disbursement  as % of GDP
Afghanistan,2008,
Afghanistan,2009,
Afghanistan,2010,
Afghanistan,2011,
Afghanistan,2012,0.04435464
Afghanistan,2013,
Benin,2008,
Benin,2009,0.322940221
Benin,2010,0.1551493444
Benin,2011,0.4212183842
Benin,2012,0.1695757933
Benin,2013,
Burkina Faso,2008,
Burkina Faso,2009,0.2628748954
Burkina Faso,2010,
Burkina Faso,2011,0.4297173415
Burkina Faso,2012,0.3171438927
Burkina Faso,2013,
Burundi,2008,
Burundi,2009,
Burundi,2010,
Burundi,2011,
Burundi,2012,
Burundi,2013,0.2989536622
Cambodia,2008,0.0096883423
Cambodia,2009,0.0347072085
Cambodia,2010,0.1194142478
Cambodia,2011,0.1814613646
Cambodia,2012,0.1127147399
Cambodia,2013,
Cameroon,2008,0.0474043486
Cameroon,2009,
Cameroon,2010,
Cameroon,2011,0.0606192866
Cameroon,2012,0.0359007417
Cameroon,2013,
Central African Republic,2008,
Central African Republic,2009,0.1478278582
Central African Republic,2010,0.4515799461
Central African Republic,2011,0.6019002177
Central African Republic,2012,0.4694246634
Central African Republic,2013,0.2023597561
Chad,2008,
Chad,2009,
Chad,2010,
Chad,2011,
Chad,2012,
Chad,2013,0.0615194716
Comoros,2008,
Comoros,2009,
Comoros,2010,
Comoros,2011,
Comoros,2012,
Comoros,2013,0.2779256839
Congo DRC,2008,
Congo DRC,2009,
Congo DRC,2010,
Congo DRC,2011,
Congo DRC,2012,
Congo DRC,2013,0.0306256508
Côte d'Ivoire,2008,
Côte d'Ivoire,2009,
Côte d'Ivoire,2010,
Côte d'Ivoire,2011,
Côte d'Ivoire,2012,0.0079914483
Côte d'Ivoire,2013,0.0065028943
Djibouti,2008,
Djibouti,2009,0.1906577693
Djibouti,2010,
Djibouti,2011,0.0528662228
Djibouti,2012,0.1647619963
Djibouti,2013,0.0762291652
Eritrea,2008,
Eritrea,2009,
Eritrea,2010,
Eritrea,2011,
Eritrea,2012,
Eritrea,2013,
Ethiopia,2008,
Ethiopia,2009,0.1144667106
Ethiopia,2010,0.0907340039
Ethiopia,2011,0.2663391958
Ethiopia,2012,0.0313120802
Ethiopia,2013,0.0109742542
"Gambia, The",2008,
"Gambia, The",2009,0.7040515194
"Gambia, The",2010,0.2976338558
"Gambia, The",2011,0.948447206
"Gambia, The",2012,0.791906293
"Gambia, The",2013,0.3384283482
Ghana,2008,
Ghana,2009,0.0333346254
Ghana,2010,
Ghana,2011,
Ghana,2012,
Ghana,2013,0.0498063268
Guinea,2008,
Guinea,2009,
Guinea,2010,0.4869141814
Guinea,2011,0.2313201015
Guinea,2012,0.3080025213
Guinea,2013,0.1447958588
Guinea-Bissau,2008,
Guinea-Bissau,2009,
Guinea-Bissau,2010,
Guinea-Bissau,2011,
Guinea-Bissau,2012,
Guinea-Bissau,2013,0.29092125
Guyana,2008,0.1163806552
Guyana,2009,0.3180857732
Guyana,2010,0.2608027999
Guyana,2011,0.1359917858
Guyana,2012,0.1771931757
Guyana,2013,
Haiti,2008,
Haiti,2009,
Haiti,2010,0.1797969776
Haiti,2011,0.0238564762
Haiti,2012,0.078438897
Haiti,2013,0.0096536744
Kenya,2008,0.1588604063
Kenya,2009,
Kenya,2010,
Kenya,2011,
Kenya,2012,
Kenya,2013,
Kyrgyz Republic,2008,0.1242640826
Kyrgyz Republic,2009,0.040272558
Kyrgyz Republic,2010,0.0047627015
Kyrgyz Republic,2011,0.0361028234
Kyrgyz Republic,2012,0.0409510885
Kyrgyz Republic,2013,0.0140994233
Lao PDR,2008,
Lao PDR,2009,
Lao PDR,2010,0.0291757841
Lao PDR,2011,0.056458247
Lao PDR,2012,0.1017062588
Lao PDR,2013,0.0691279178
Lesotho,2008,0.2076316629
Lesotho,2009,0.0974345712
Lesotho,2010,0.109414479
Lesotho,2011,0.0564476247
Lesotho,2012,
Lesotho,2013,0.2634974766
Liberia,2008,
Liberia,2009,
Liberia,2010,
Liberia,2011,0.3901170351
Liberia,2012,0.0862912186
Liberia,2013,0.1976483273
Madagascar,2008,0.3505789865
Madagascar,2009,
Madagascar,2010,0.4238864079
Madagascar,2011,
Madagascar,2012,0.2666996145
Madagascar,2013,
Malawi,2008,
Malawi,2009,
Malawi,2010,
Malawi,2011,0.2671891699
Malawi,2012,0.5560134164
Malawi,2013,1.0065822699
Mali,2008,0.0255017868
Mali,2009,0.0281239499
Mali,2010,0.0241055235
Mali,2011,
Mali,2012,
Mali,2013,0.0135896834
Mauritania,2008,
Mauritania,2009,0.1390262495
Mauritania,2010,0.1024134993
Mauritania,2011,0.107562956
Mauritania,2012,0.0432568012
Mauritania,2013,
Moldova,2008,0.0561533359
Moldova,2009,0.0502770368
Moldova,2010,0.0175124896
Moldova,2011,
Moldova,2012,0.0048262548
Moldova,2013,0.0111613693
Mongolia,2008,0.1587301587
Mongolia,2009,0.1749016178
Mongolia,2010,0.0688661115
Mongolia,2011,
Mongolia,2012,0.019496978
Mongolia,2013,0.0020939697
Mozambique,2008,0.2816051494
Mozambique,2009,0.3009932778
Mozambique,2010,0.219941349
Mozambique,2011,
Mozambique,2012,0.1403752154
Mozambique,2013,0.1823211739
Nepal,2008,
Nepal,2009,
Nepal,2010,
Nepal,2011,0.1569627255
Nepal,2012,0.2004430836
Nepal,2013,0.2306412598
Nicaragua,2008,
Nicaragua,2009,0.122624157
Nicaragua,2010,
Nicaragua,2011,
Nicaragua,2012,
Nicaragua,2013,0.0070896845
Niger,2008,0.0742666172
Niger,2009,
Niger,2010,0.0663139893
Niger,2011,0.0237346455
Niger,2012,0.0356521938
Niger,2013,
Papua New Guinea,2008,
Papua New Guinea,2009,
Papua New Guinea,2010,
Papua New Guinea,2011,0.0072577512
Papua New Guinea,2012,0.0035088004
Papua New Guinea,2013,0.0468830398
Rwanda,2008,1.2372476666
Rwanda,2009,
Rwanda,2010,0.6222222222
Rwanda,2011,0.3147623544
Rwanda,2012,0.3378854005
Rwanda,2013,0.3376623377
Sao Tome and Principe,2008,
Sao Tome and Principe,2009,0.612244898
Sao Tome and Principe,2010,0.560719209
Sao Tome and Principe,2011,0.5132880605
Sao Tome and Principe,2012,
Sao Tome and Principe,2013,
Senegal,2008,
Senegal,2009,0.0728477604
Senegal,2010,0.0920697648
Senegal,2011,0.0654511637
Senegal,2012,0.2325492092
Senegal,2013,0.0455201368
Sierra Leone,2008,
Sierra Leone,2009,0.1222493888
Sierra Leone,2010,
Sierra Leone,2011,0.2025232312
Sierra Leone,2012,0.0648533954
Sierra Leone,2013,0.0063838507
Somalia,2008,
Somalia,2009,
Somalia,2010,
Somalia,2011,
Somalia,2012,
Somalia,2013,
South Sudan,2008,
South Sudan,2009,
South Sudan,2010,
South Sudan,2011,
South Sudan,2012,
South Sudan,2013,0.0939534489
Sudan,2008,
Sudan,2009,
Sudan,2010,
Sudan,2011,
Sudan,2012,
Sudan,2013,0.005115433
Tajikistan,2008,0.0616743299
Tajikistan,2009,0.1015459889
Tajikistan,2010,0.0359960002
Tajikistan,2011,0.05263635
Tajikistan,2012,0.071397069
Tajikistan,2013,0.0409553656
Tanzania,2008,
Tanzania,2009,
Tanzania,2010,
Tanzania,2011,
Tanzania,2012,
Tanzania,2013,0.007808397
Timor-Leste,2008,0.0923631449
Timor-Leste,2009,0.0723884574
Timor-Leste,2010,0.0592979127
Timor-Leste,2011,
Timor-Leste,2012,
Timor-Leste,2013,0.0065219325
Togo,2008,
Togo,2009,
Togo,2010,
Togo,2011,0.2561688986
Togo,2012,0.3785087383
Togo,2013,0.2622745157
Uganda,2008,
Uganda,2009,
Uganda,2010,
Uganda,2011,
Uganda,2012,
Uganda,2013,
Vietnam,2008,
Vietnam,2009,
Vietnam,2010,
Vietnam,2011,
Vietnam,2012,
Vietnam,2013,0.0199177468
Yemen,2008,
Yemen,2009,
Yemen,2010,0.0271624686
Yemen,2011,0.0320602493
Yemen,2012,0.0026734688
Yemen,2013,0.0247096615
Zambia,2008,
Zambia,2009,0.235064428
Zambia,2010,
Zambia,2011,0.1567381795
Zambia,2012,
Zambia,2013,
Zimbabwe,2008,
Zimbabwe,2009,
Zimbabwe,2010,
Zimbabwe,2011,
Zimbabwe,2012,
Zimbabwe,2013,0.0601050563
Total (millions US dollars),2008,0.2001567116
Total (millions US dollars),2009,0.1869104748
Total (millions US dollars),2010,0.1877452195
Total (millions US dollars),2011,0.2160428231
Total (millions US dollars),2012,0.1708325512
Total (millions US dollars),2013,0.128496202
